{"Task1_RandomNormal": {"mse": 0.01335248956348225, "pearson": 0.031321846764010786, "spearman": 0.03129028767266694, "coverage": 1.0}, "Task1_SimpleFBA": {"mse": 0.022708978466618762, "pearson": 0.03130686259258242, "spearman": 0.015697817879734764, "coverage": 0.1948135447921132}, "Task2_MomaStrategy": {"mse": 0.014203120023012161, "pearson": 0.8623281765291522, "spearman": -0.13369755244755244, "coverage": 1.0, "r_squared": 0.7379358049193107}, "Task2_LassoStrategy": {"mse": 0.06669321945911434, "pearson": -0.21392754396331834, "spearman": 0.22465034965034963, "coverage": 1.0, "r_squared": -0.23056790318032738}}