{
  "Task1_RandomNormal": {
    "mse": 0.013337825197797755,
    "pearson": 0.027332962109842523,
    "spearman": 0.032877180708944374,
    "coverage": 1.0
  },
  "Task1_SimpleFBA": {
    "mse": 0.022708978466618762,
    "pearson": 0.031306862592582516,
    "spearman": 0.015697817879734764,
    "coverage": 0.1948135447921132
  },
  "Task1_Yeast9": {
    "mse": 0.023105975251630544, 
    "pearson": 0.02978463122018454, 
    "spearman": 0.08514136114132241, 
    "coverage": 0.19524217745392203
  }
}
