{
    "Task1_RandomNormal": {
        "mse": 0.013365069874184215, 
        "pearson": 0.013057980982364128,
        "spearman": 0.0012110575710010821, 
        "coverage": 1.0
    }, 
    "Task1_SimpleFBA": {
        "mse": 0.022708978466618762, 
        "pearson": 0.03130686259258242, 
        "spearman": 0.015697817879734764, 
        "coverage": 0.1948135447921132
    }, 
    "Task2_MomaStrategy": {
        "mse": 0.014203120023012161, 
        "pearson": 0.8623281765291522, 
        "spearman": 0.69828412990386, 
        "coverage": 1.0, 
        "r_squared": 0.7379358410835266
    }, 
    "Task2_LassoStrategy": {
        "mse": 0.010653044147426327, 
        "pearson": 0.9016681798226693, 
        "spearman": 0.6644344923579715, 
        "coverage": 1.0, 
        "r_squared": 0.8034388914091549
    }
}