{
    "Task1_RandomNormal": {
        "mse": 0.013396164921366145, 
        "pearson": 0.006521467882851228, 
        "spearman": 0.01856508646784508, 
        "coverage": 1.0
    }, 
    "Task1_SimpleFBA": {
        "mse": 0.022708978466618762, 
        "pearson": 0.031306862592582516, 
        "spearman": 0.015697817879734764, 
        "coverage": 0.1948135447921132
    }, 
    "Task1_Yeast9Strategy": {
        "mse": 0.01391134896412943, 
        "pearson": 0.14299393234285837, 
        "spearman": 0.08646278704977725, 
        "coverage": 0.19524217745392203
    }, 
    "Task2_MomaStrategy": {
        "mse": 0.014203120023012161, 
        "pearson": 0.8623281765291522, 
        "spearman": 0.69828412990386, 
        "coverage": 1.0, 
        "r_squared": 0.7379358410835266
    }, 
    "Task2_LassoStrategy": {
        "mse": 0.010653044147426327, 
        "pearson": 0.9016681798226692, 
        "spearman": 0.6644344923579715, 
        "coverage": 1.0, 
        "r_squared": 0.8034388914091549
    }, 
    "Task3_Yeast9Strategy": {
        "SC": {
            "pearson": 0.018303315877261455, 
            "spearman": 0.054609503051617575, 
            "coverage": 1.0
        }, 
        "SM": {
            "pearson": -0.004103447256299591, 
            "spearman": 0.03971742668040662,
            "coverage": 1.0
        }, 
        "YPD": {
            "pearson": -0.010384428829783184, 
            "spearman": 3.286498643954491e-05, 
            "coverage": 1.0
        }
    }
}